{
  "nodes": {
    "csv_to_df#1": {
      "contentWidth": 450,
      "rfNode": {
        "position": {
          "x": 437.7868434000627,
          "y": 531
        }
      }
    },
    "df_preview#1": {
      "contentWidth": 465.6564590298333,
      "rfNode": {
        "position": {
          "x": 2191.039731506349,
          "y": 190.1130094670213
        }
      }
    },
    "bar_chart#1": {
      "contentWidth": 530,
      "rfNode": {
        "position": {
          "x": 1542,
          "y": 531
        }
      }
    },
    "column_number_filter#1": {
      "contentWidth": 450,
      "rfNode": {
        "position": {
          "x": 1044.4539287268292,
          "y": 870.0741336076649
        }
      }
    },
    "url_to_path#1": {
      "contentWidth": 450,
      "rfNode": {
        "position": {
          "x": -114.07015982623787,
          "y": 565.232574834839
        }
      }
    }
  }
}