{
  "oocana-log-panel": {
    "viewMode": "events",
    "sessionViewMode": "current"
  },
  "designer/flow/1-quick-start": {
    "viewport": {
      "x": -332.3511587475201,
      "y": -159.20297270213484,
      "zoom": 0.5643335578044075
    }
  },
  "designer/flow/2-scriptlet-block-preview": {
    "viewport": {
      "x": -512.2692303522873,
      "y": -371.16016396356713,
      "zoom": 0.4869778785653332
    }
  }
}