{
  "oocana-log-panel": {
    "viewMode": "events",
    "sessionViewMode": "current"
  },
  "designer/flow/1-quick-start": {
    "viewport": {
      "x": 292.0242774888023,
      "y": 165.86142930441162,
      "zoom": 0.21848599022952014
    }
  },
  "designer/flow/2-scriptlet-block-preview": {
    "viewport": {
      "x": 157.53220611916265,
      "y": 42.717391304347814,
      "zoom": 0.5273752012882448
    }
  }
}