{
  "oocana-log-panel": {
    "viewMode": "events",
    "sessionViewMode": "current"
  },
  "designer/flow/1-quick-start": {
    "viewport": {
      "x": 81.06801872473045,
      "y": 98.82319284417036,
      "zoom": 0.4868218599720411
    }
  },
  "designer/flow/2-scriptlet-block-preview": {
    "viewport": {
      "x": 39.180241513561214,
      "y": -437.6539250940888,
      "zoom": 0.4305857373161899
    }
  }
}