{
  "oocana-log-panel": {
    "viewMode": "events",
    "sessionViewMode": "current"
  },
  "designer/flow/1-quick-start": {
    "viewport": {
      "x": 17.871236510160884,
      "y": -208.62426236860057,
      "zoom": 0.41057679911897615
    }
  },
  "designer/flow/2-scriptlet-block-preview": {
    "viewport": {
      "x": 157.53220611916265,
      "y": 42.717391304347814,
      "zoom": 0.5273752012882448
    }
  }
}