{
  "oocana-log-panel": {
    "viewMode": "events"
  },
  "designer/flow/1-scriptlet-block-preview": {
    "viewport": {
      "x": -374.32991516287893,
      "y": -691.4595161992711,
      "zoom": 0.6150145437841655
    }
  }
}