{
  "nodes": {
    "+python#1": {
      "contentWidth": 544.766188324692,
      "rfNode": {
        "position": {
          "x": 2042.1998501498501,
          "y": 761.453946053946
        }
      },
      "sections": {
        "scriptlet": {
          "cardCollapsed": true
        }
      }
    },
    "url-download-to-path#1": {
      "rfNode": {
        "position": {
          "x": 0,
          "y": 1504.5
        }
      }
    },
    "+python#2": {
      "contentWidth": 570.5420807706117,
      "rfNode": {
        "position": {
          "x": 484,
          "y": 1260
        }
      }
    },
    "image-preview#3": {
      "rfNode": {
        "position": {
          "x": 1235,
          "y": 839
        }
      }
    },
    "audio-preview#2": {
      "rfNode": {
        "position": {
          "x": 1235,
          "y": 1352
        }
      }
    },
    "video-preview#3": {
      "rfNode": {
        "position": {
          "x": 2051.67573215608,
          "y": 1721.4787378212886
        }
      }
    },
    "read_csv_to_df#1": {
      "rfNode": {
        "position": {
          "x": 1218.6196844553222,
          "y": 1822.4115704493206
        }
      }
    },
    "url-download-to-path#2": {
      "rfNode": {
        "position": {
          "x": 0,
          "y": 1796.5
        }
      }
    },
    "markdown-preview#1": {
      "contentWidth": 651.762018324294,
      "rfNode": {
        "position": {
          "x": 2015.2372648016585,
          "y": 2224.624042454864
        }
      }
    }
  }
}