{
  "nodes": {
    "+python#2": {
      "contentWidth": 570.5420807706117,
      "rfNode": {
        "position": {
          "x": 414,
          "y": 682.5
        }
      }
    },
    "url-download-to-path#2": {
      "rfNode": {
        "position": {
          "x": -123.35315881831639,
          "y": 100.1229944650612
        }
      }
    },
    "url-download-to-path#1": {
      "rfNode": {
        "position": {
          "x": -145.15494274757097,
          "y": 508.83985424697954
        }
      }
    },
    "+python#1": {
      "contentWidth": 544.766188324692,
      "rfNode": {
        "position": {
          "x": 1953.863157376379,
          "y": 935
        }
      },
      "sections": {
        "scriptlet": {
          "cardCollapsed": true
        }
      }
    },
    "audio_preview#1": {
      "contentWidth": 450,
      "rfNode": {
        "position": {
          "x": 1146.7960035278927,
          "y": 579.3881773373798
        }
      }
    },
    "video_preview#1": {
      "contentWidth": 450,
      "rfNode": {
        "position": {
          "x": 1635,
          "y": 466.08062220132695
        }
      }
    },
    "markdown_text_preview#1": {
      "contentWidth": 450,
      "rfNode": {
        "position": {
          "x": 1245,
          "y": 975
        }
      }
    },
    "image_preview#1": {
      "rfNode": {
        "position": {
          "x": 2640,
          "y": 390
        }
      }
    }
  }
}