{
  "nodes": {
    "+python#1": {
      "contentWidth": 544.766188324692,
      "rfNode": {
        "position": {
          "x": 2222.3360812862993,
          "y": 154.60050811279672
        }
      },
      "sections": {
        "scriptlet": {
          "cardCollapsed": true
        }
      }
    },
    "url-download-to-path#1": {
      "rfNode": {
        "position": {
          "x": -132.93502602205314,
          "y": 423.1844180962531
        }
      }
    },
    "+python#2": {
      "contentWidth": 570.5420807706117,
      "rfNode": {
        "position": {
          "x": 484,
          "y": 510.5
        }
      }
    },
    "image-preview#3": {
      "rfNode": {
        "position": {
          "x": 1651.7838842853353,
          "y": 444.2838688471185
        }
      }
    },
    "audio-preview#2": {
      "rfNode": {
        "position": {
          "x": 2155.86194246926,
          "y": 976
        }
      }
    },
    "video-preview#3": {
      "rfNode": {
        "position": {
          "x": 1180.629509681631,
          "y": 897.311245917213
        }
      }
    },
    "read_csv_to_df#1": {
      "rfNode": {
        "position": {
          "x": 2121.259209093172,
          "y": 1360.8116203599973
        }
      }
    },
    "url-download-to-path#2": {
      "rfNode": {
        "position": {
          "x": -132.93502602205314,
          "y": 742.2916477999388
        }
      }
    },
    "markdown-preview#1": {
      "contentWidth": 651.762018324294,
      "rfNode": {
        "position": {
          "x": 1106.2573811277741,
          "y": 1375.067335105852
        }
      },
      "sections": {
        "preview": {
          "cardCollapsed": true
        }
      }
    }
  }
}